id,name,model_id:id,group_id:id,perm_read,perm_write,perm_create,perm_unlink
"access_dankbit_trade_internal_user","dankbit_trade_user","model_dankbit_trade","base.group_user",1,1,1,0
"access_dankbit_trade_portal_user","dankbit_trade_portal","model_dankbit_trade","base.group_portal",1,0,0,0
"access_dankbit_trade_public_user","dankbit_trade_public","model_dankbit_trade","base.group_public",1,0,0,0
"access_dankbit_plot_wizard_internal_user","dankbit_plot_wizard_user","model_dankbit_plot_wizard","base.group_user",1,1,1,1
"access_dankbit_bands_internal_user","dankbit_bands_user","model_dankbit_bands","base.group_user",1,1,1,1
"access_dankbit_live_band_internal_user","dankbit_live_band_user","model_dankbit_live_band","base.group_user",1,1,1,1
"access_dankbit_zones_wizard_internal_user","dankbit_zones_wizard_user","model_dankbit_zones_wizard","base.group_user",1,1,1,1
"access_dankbit_http_log_internal_user","dankbit_http_log_user","model_dankbit_http_log","base.group_user",1,1,1,1
"access_dankbit_forecast_snapshot_internal_user","dankbit_forecast_snapshot_user","model_dankbit_forecast_snapshot","base.group_user",1,1,1,1
"access_dankbit_forecast_log_internal_user","dankbit_forecast_log_user","model_dankbit_forecast_log","base.group_user",1,1,1,1
"access_dankbit_forecast_next_candle_internal_user","dankbit_forecast_next_candle_user","model_dankbit_forecast_next_candle","base.group_user",1,1,1,1
"access_dankbit_signal_internal_user","dankbit_signal_user","model_dankbit_signal","base.group_user",1,1,1,0
"access_dankbit_5a_internal_user","dankbit_5a_user","model_dankbit_5a","base.group_user",1,1,1,1
